<?xml version="1.0" encoding="UTF-8"?>

<!-- generated on 10/31/22 16:01:40 by Eclipse SUMO netedit Version 1.6.0
<configuration xmlns:xsi="http://www.w3.org/2001/XMLSchema-instance" xsi:noNamespaceSchemaLocation="http://sumo.dlr.de/xsd/netconvertConfiguration.xsd">

    <input>
        <sumo-net-file value="E:\V2XDRLEVP\Toy%20model\sumo.net.xml"/>
    </input>

    <output>
        <output-file value="E:\V2XDRLEVP\Toy%20model\sumo.net.xml"/>
    </output>

    <processing>
        <geometry.min-radius.fix.railways value="false"/>
        <geometry.max-grade.fix value="false"/>
        <offset.disable-normalization value="true"/>
        <lefthand value="false"/>
    </processing>

    <junctions>
        <no-internal-links value="true"/>
        <no-turnarounds value="true"/>
        <junctions.corner-detail value="5"/>
        <junctions.limit-turn-speed value="5.5"/>
        <rectangular-lane-cut value="false"/>
    </junctions>

    <pedestrian>
        <walkingareas value="false"/>
    </pedestrian>

    <netedit>
        <route-files value="sumo.rou.xml"/>
    </netedit>

    <report>
        <aggregate-warnings value="5"/>
    </report>

</configuration>
-->

<routes xmlns:xsi="http://www.w3.org/2001/XMLSchema-instance" xsi:noNamespaceSchemaLocation="">
    <vType id="Emergency" accel="5.6" decel="4.5" sigma="0.5" length="5" carFollowModel="IDM" maxSpeed="70"/>
    <vType id="Default" accel="0.4" decel="4.5" sigma="0.5" length="5" maxSpeed="20"/>

    <route edges="gneE0 gneE3" color="yellow" id="route_0"/>
    <route edges="gneE4 gneE2" color="yellow" id="route_1"/>
    <route edges="gneE5 gneE7" color="yellow" id="route_2"/>
    <route edges="gneE8 gneE6" color="yellow" id="route_3"/>

    <vehicle id="vehicle_1" type="Default" departLane="random" depart="0.00" route="route_0"/>
    <vehicle id="vehicle_2" type="Default" departLane="random" depart="0.00" route="route_0"/>
    <vehicle id="vehicle_3" type="Default" departLane="random" depart="0.00" route="route_0"/>
    <vehicle id="vehicle_4" type="Default" departLane="random" depart="0.00" route="route_0"/>
    <vehicle id="vehicle_5" type="Default" departLane="random" depart="0.00" route="route_0"/>
    <vehicle id="vehicle_6" type="Default" departLane="random" depart="0.00" route="route_0"/>

    <vehicle id="vehicle_7" type="Default" departLane="random" depart="0.00" route="route_1"/>
    <vehicle id="vehicle_8" type="Default" departLane="random" depart="0.00" route="route_1"/>
    <vehicle id="vehicle_9" type="Default" departLane="random" depart="0.00" route="route_1"/>

    <vehicle id="vehicle_10" type="Default" departLane="random" depart="0.00" route="route_2"/>
    <vehicle id="vehicle_11" type="Default" departLane="random" depart="0.00" route="route_2"/>
    <vehicle id="vehicle_12" type="Default" departLane="random" depart="0.00" route="route_2"/>

    <vehicle id="vehicle_13" type="Default" departLane="random" depart="0.00" route="route_3"/>
    <vehicle id="vehicle_14" type="Default" departLane="random" depart="0.00" route="route_3"/>
    <vehicle id="vehicle_15" type="Default" departLane="random" depart="0.00" route="route_3"/>

    <vehicle id="vehicle_0" type="Emergency" depart="1.00" departSpeed="10" color="red" route="route_0"/>


</routes>
