<?xml version="1.0" encoding="UTF-8"?>

<!-- generated on 09/25/22 02:01:33 by Eclipse SUMO netedit Version 1.6.0
<configuration xmlns:xsi="http://www.w3.org/2001/XMLSchema-instance" xsi:noNamespaceSchemaLocation="http://sumo.dlr.de/xsd/netconvertConfiguration.xsd">

    <input>
        <sumo-net-file value="sumo.net.xml"/>
    </input>

    <output>
        <output-file value="sumo.net.xml"/>
    </output>

    <processing>
        <geometry.min-radius.fix.railways value="false"/>
        <geometry.max-grade.fix value="false"/>
        <offset.disable-normalization value="true"/>
        <lefthand value="false"/>
    </processing>

    <junctions>
        <no-turnarounds value="true"/>
        <junctions.corner-detail value="5"/>
        <junctions.limit-turn-speed value="5.5"/>
        <rectangular-lane-cut value="false"/>
    </junctions>

    <pedestrian>
        <walkingareas value="false"/>
    </pedestrian>

    <netedit>
        <additional-files value="sumo.add.xml"/>
    </netedit>

    <report>
        <aggregate-warnings value="5"/>
    </report>

</configuration>
-->

<additional xmlns:xsi="http://www.w3.org/2001/XMLSchema-instance" xsi:noNamespaceSchemaLocation="">
    <poly id="1" type="building" color="red" fill="0" layer="128.00" shape="0.00000,8.00000 191.000000,8.00000"/>
    <poly id="2" type="building" color="red" fill="0" layer="128.00" shape="0.00000,-8.00000 191.000000,-8.00000"/>
    <poly id="3" type="building" color="red" fill="0" layer="128.00" shape="207.00000,8.00000 400.000000,8.00000"/>
    <poly id="4" type="building" color="red" fill="0" layer="128.00" shape="207.00000,-8.00000 400.000000,-8.00000"/>

    <poly id="5" type="building" color="red" fill="0" layer="128.00" shape="192.000000,8.00000 192.000000,200.000000"/>
    <poly id="6" type="building" color="red" fill="0" layer="128.00" shape="208.00000,8.00000 208.000000,200.00000"/>
    <poly id="7" type="building" color="red" fill="0" layer="128.00" shape="192.000000,-8.00000 192.000000,-200.000000"/>
    <poly id="8" type="building" color="red" fill="0" layer="128.00" shape="208.00000,-8.00000 208.000000,-200.00000"/>
</additional>
