<?xml version="1.0" encoding="UTF-8"?>

<!-- generated on 03/09/23 10:52:11 by Eclipse SUMO netedit Version 1.6.0
<configuration xmlns:xsi="http://www.w3.org/2001/XMLSchema-instance" xsi:noNamespaceSchemaLocation="http://sumo.dlr.de/xsd/netconvertConfiguration.xsd">

    <input>
        <sumo-net-file value="C:\omnetpp-5.6.2\safety\examples\evtls\sumo.net.xml"/>
    </input>

    <output>
        <output-file value="C:\omnetpp-5.6.2\safety\examples\evtls\sumo.net.xml"/>
    </output>

    <processing>
        <geometry.min-radius.fix.railways value="false"/>
        <geometry.max-grade.fix value="false"/>
        <offset.disable-normalization value="true"/>
        <lefthand value="false"/>
    </processing>

    <junctions>
        <no-internal-links value="true"/>
        <no-turnarounds value="true"/>
        <junctions.corner-detail value="5"/>
        <junctions.limit-turn-speed value="5.5"/>
        <rectangular-lane-cut value="false"/>
    </junctions>

    <pedestrian>
        <walkingareas value="false"/>
    </pedestrian>

    <report>
        <aggregate-warnings value="5"/>
    </report>

</configuration>
-->

<net version="1.6" junctionCornerDetail="5" limitTurnSpeed="5.50" xmlns:xsi="http://www.w3.org/2001/XMLSchema-instance" xsi:noNamespaceSchemaLocation="http://sumo.dlr.de/xsd/net_file.xsd">

    <location netOffset="0.00,0.00" convBoundary="0.00,-200.00,400.00,200.00" origBoundary="-10000000000.00,-10000000000.00,10000000000.00,10000000000.00" projParameter="!"/>

    <edge id="gneE0" from="gneJ0" to="gneJ1" priority="-1">
        <lane id="gneE0_0" index="0" speed="13.89" length="200.00" shape="0.00,-4.80 189.60,-4.80"/>
        <lane id="gneE0_1" index="1" speed="13.89" length="200.00" shape="0.00,-1.60 189.60,-1.60"/>
    </edge>
    <edge id="gneE2" from="gneJ1" to="gneJ0" priority="-1">
        <lane id="gneE2_0" index="0" speed="13.89" length="200.00" shape="189.60,4.80 0.00,4.80"/>
        <lane id="gneE2_1" index="1" speed="13.89" length="200.00" shape="189.60,1.60 0.00,1.60"/>
    </edge>
    <edge id="gneE3" from="gneJ1" to="gneJ3" priority="-1">
        <lane id="gneE3_0" index="0" speed="13.89" length="200.00" shape="210.40,-4.80 400.00,-4.80"/>
        <lane id="gneE3_1" index="1" speed="13.89" length="200.00" shape="210.40,-1.60 400.00,-1.60"/>
    </edge>
    <edge id="gneE4" from="gneJ3" to="gneJ1" priority="-1">
        <lane id="gneE4_0" index="0" speed="13.89" length="200.00" shape="400.00,4.80 210.40,4.80"/>
        <lane id="gneE4_1" index="1" speed="13.89" length="200.00" shape="400.00,1.60 210.40,1.60"/>
    </edge>
    <edge id="gneE5" from="gneJ4" to="gneJ1" priority="-1">
        <lane id="gneE5_0" index="0" speed="13.89" length="200.00" shape="195.20,200.00 195.20,10.40"/>
        <lane id="gneE5_1" index="1" speed="13.89" length="200.00" shape="198.40,200.00 198.40,10.40"/>
    </edge>
    <edge id="gneE6" from="gneJ1" to="gneJ4" priority="-1">
        <lane id="gneE6_0" index="0" speed="13.89" length="200.00" shape="204.80,10.40 204.80,200.00"/>
        <lane id="gneE6_1" index="1" speed="13.89" length="200.00" shape="201.60,10.40 201.60,200.00"/>
    </edge>
    <edge id="gneE7" from="gneJ1" to="gneJ5" priority="-1">
        <lane id="gneE7_0" index="0" speed="13.89" length="200.00" shape="195.20,-10.40 195.20,-200.00"/>
        <lane id="gneE7_1" index="1" speed="13.89" length="200.00" shape="198.40,-10.40 198.40,-200.00"/>
    </edge>
    <edge id="gneE8" from="gneJ5" to="gneJ1" priority="-1">
        <lane id="gneE8_0" index="0" speed="13.89" length="200.00" shape="204.80,-200.00 204.80,-10.40"/>
        <lane id="gneE8_1" index="1" speed="13.89" length="200.00" shape="201.60,-200.00 201.60,-10.40"/>
    </edge>

    <tlLogic id="gneJ1" type="static" programID="0" offset="0">
        <phase duration="42" state="GGGgrrrrGGGgrrrr"/>
        <phase duration="3"  state="yyyyrrrryyyyrrrr"/>
        <phase duration="42" state="rrrrGGGgrrrrGGGg"/>
        <phase duration="3"  state="rrrryyyyrrrryyyy"/>
    </tlLogic>

    <tlLogic id="gneJ1" type="static" programID="1" offset="0">
        <phase duration="5" state="GGGgrrrrGGGgrrrr"/>
        <phase duration="3"  state="yyyyrrrryyyyrrrr"/>
        <phase duration="9999" state="rrrrGGGgrrrrGGGg"/>
        <phase duration="3"  state="rrrryyyyrrrryyyy"/>
    </tlLogic>

    <junction id="gneJ0" type="dead_end" x="0.00" y="0.00" incLanes="gneE2_0 gneE2_1" intLanes="" shape="0.00,0.00 0.00,6.40 0.00,0.00"/>
    <junction id="gneJ1" type="traffic_light" x="200.00" y="0.00" incLanes="gneE5_0 gneE5_1 gneE4_0 gneE4_1 gneE8_0 gneE8_1 gneE0_0 gneE0_1" intLanes="" shape="193.60,10.40 206.40,10.40 206.84,8.18 207.40,7.40 208.18,6.84 209.18,6.51 210.40,6.40 210.40,-6.40 208.18,-6.84 207.40,-7.40 206.84,-8.18 206.51,-9.18 206.40,-10.40 193.60,-10.40 193.16,-8.18 192.60,-7.40 191.82,-6.84 190.82,-6.51 189.60,-6.40 189.60,6.40 191.82,6.84 192.60,7.40 193.16,8.18 193.49,9.18">
        <request index="0"  response="0000000000000000" foes="0000000001100000"/>
        <request index="1"  response="0000000000000000" foes="1111100011100000"/>
        <request index="2"  response="0000000000000000" foes="1111100011100000"/>
        <request index="3"  response="0000011000000000" foes="1110011011100000"/>
        <request index="4"  response="0000011000000000" foes="0000011000000000"/>
        <request index="5"  response="0000111000001111" foes="1000111000001111"/>
        <request index="6"  response="0000111000001111" foes="1000111000001111"/>
        <request index="7"  response="0110111000001110" foes="0110111000001110"/>
        <request index="8"  response="0000000000000000" foes="0110000000000000"/>
        <request index="9"  response="0000000000000000" foes="1110000011111000"/>
        <request index="10" response="0000000000000000" foes="1110000011111000"/>
        <request index="11" response="0000000000000110" foes="1110000011100110"/>
        <request index="12" response="0000000000000110" foes="0000000000000110"/>
        <request index="13" response="0000111100001110" foes="0000111110001110"/>
        <request index="14" response="0000111100001110" foes="0000111110001110"/>
        <request index="15" response="0000111001101110" foes="0000111001101110"/>
    </junction>
    <junction id="gneJ3" type="dead_end" x="400.00" y="0.00" incLanes="gneE3_0 gneE3_1" intLanes="" shape="400.00,0.00 400.00,-6.40 400.00,0.00"/>
    <junction id="gneJ4" type="dead_end" x="200.00" y="200.00" incLanes="gneE6_0 gneE6_1" intLanes="" shape="200.00,200.00 206.40,200.00 200.00,200.00"/>
    <junction id="gneJ5" type="dead_end" x="200.00" y="-200.00" incLanes="gneE7_0 gneE7_1" intLanes="" shape="200.00,-200.00 193.60,-200.00 200.00,-200.00"/>

    <connection from="gneE0" to="gneE7" fromLane="0" toLane="0" tl="gneJ1" linkIndex="12" dir="r" state="o"/>
    <connection from="gneE0" to="gneE3" fromLane="0" toLane="0" tl="gneJ1" linkIndex="13" dir="s" state="o"/>
    <connection from="gneE0" to="gneE3" fromLane="1" toLane="1" tl="gneJ1" linkIndex="14" dir="s" state="o"/>
    <connection from="gneE0" to="gneE6" fromLane="1" toLane="1" tl="gneJ1" linkIndex="15" dir="l" state="o"/>
    <connection from="gneE4" to="gneE6" fromLane="0" toLane="0" tl="gneJ1" linkIndex="4" dir="r" state="o"/>
    <connection from="gneE4" to="gneE2" fromLane="0" toLane="0" tl="gneJ1" linkIndex="5" dir="s" state="o"/>
    <connection from="gneE4" to="gneE2" fromLane="1" toLane="1" tl="gneJ1" linkIndex="6" dir="s" state="o"/>
    <connection from="gneE4" to="gneE7" fromLane="1" toLane="1" tl="gneJ1" linkIndex="7" dir="l" state="o"/>
    <connection from="gneE5" to="gneE2" fromLane="0" toLane="0" tl="gneJ1" linkIndex="0" dir="r" state="O"/>
    <connection from="gneE5" to="gneE7" fromLane="0" toLane="0" tl="gneJ1" linkIndex="1" dir="s" state="O"/>
    <connection from="gneE5" to="gneE7" fromLane="1" toLane="1" tl="gneJ1" linkIndex="2" dir="s" state="O"/>
    <connection from="gneE5" to="gneE3" fromLane="1" toLane="1" tl="gneJ1" linkIndex="3" dir="l" state="o"/>
    <connection from="gneE8" to="gneE3" fromLane="0" toLane="0" tl="gneJ1" linkIndex="8" dir="r" state="O"/>
    <connection from="gneE8" to="gneE6" fromLane="0" toLane="0" tl="gneJ1" linkIndex="9" dir="s" state="O"/>
    <connection from="gneE8" to="gneE6" fromLane="1" toLane="1" tl="gneJ1" linkIndex="10" dir="s" state="O"/>
    <connection from="gneE8" to="gneE2" fromLane="1" toLane="1" tl="gneJ1" linkIndex="11" dir="l" state="o"/>

</net>
